{"cameraMode":{"drawMode":0,"name":"Shaded","section":"Shading Mode"},"sceneLighting":false,"audioPlay":false,"sceneViewState":{"showFog":true,"showMaterialUpdate":false,"showSkybox":false,"showFlares":true,"showImageEffects":true,"showParticleSystems":true},"in2DMode":false,"pivot":{"x":5.960464477539063e-8,"y":8.940696716308594e-8,"z":-0.6164431571960449},"rotation":{"x":0.18280728161334992,"y":0.12643834948539735,"z":-0.02371281012892723,"w":0.9746987819671631},"size":0.8172969222068787,"orthographic":true}