{"cameraMode":{"drawMode":0,"name":"Shaded","section":"Shading Mode"},"sceneLighting":false,"audioPlay":false,"sceneViewState":{"showFog":true,"showMaterialUpdate":false,"showSkybox":false,"showFlares":true,"showImageEffects":true,"showParticleSystems":true},"in2DMode":false,"pivot":{"x":-0.772308349609375,"y":-0.6012570858001709,"z":0.19935055077075959},"rotation":{"x":-0.4576573371887207,"y":0.5403587818145752,"z":-0.46680906414985659,"w":-0.5297671556472778},"size":4.9721360206604,"orthographic":false}