{"cameraMode":{"drawMode":0,"name":"Shaded","section":"Shading Mode"},"sceneLighting":false,"audioPlay":false,"sceneViewState":{"showFog":true,"showMaterialUpdate":false,"showSkybox":false,"showFlares":true,"showImageEffects":true,"showParticleSystems":true},"in2DMode":false,"pivot":{"x":-0.098602294921875,"y":0.03814697265625,"z":0.8277587890625},"rotation":{"x":0.07010050863027573,"y":0.33162614703178408,"z":-0.024716423824429513,"w":0.9404827952384949},"size":1.0101879835128785,"orthographic":true}